Workbook

Sheet 요약 및 결과
A1: KNN (K-최근접 이웃) 알고리즘 성별 분류 결과
A2: 주어진 신장(height)과 체중(weight) 데이터를 바탕으로 새로운 데이터의 성별을 예측합니다.
A4: ■ 분류 대상 데이터 (별첨 2): 신장 6.0 feet, 체중 130 lbs
A6: [분류 결과 요약]
A7: K 값 | B7: 원본 데이터 기준 예측 | C7: 정규화(Standardized) 데이터 기준 예측
A8: K = 1 | B8: female | C8: =INDEX('KNN 계산 (정규화 데이터)'!$A$11:$A$18, MATCH(1, 'KNN 계산 (정규화 데이터)'!$G$11:$G$18, 0)) -> female
A9: K = 3 | B9: female (우세승) | C9: male (우세승)
A10: K = 5 | B10: female (우세승) | C10: male (우세승)
A12: ■ 중요 분석 및 해설
A13: 1. 원본 데이터로 계산 시: 체중(weight)의 수치 범위(100~190)가 신장(5~6)보다 훨씬 크기 때문에, 거리를 계산할 때 신장의 차이는 무시되고 체중의 차이만 반영됩니다. 따라서 대상 샘플(130 lbs)과 체중이 유사한 'female'로 모두 분류됩니다.
A14: 2. 정규화(Z-Score) 데이터로 계산 시: 두 변수의 스케일을 동일하게 맞추면, 신장 6.0 feet가 남성의 평균에 매우 가깝고 여성으로서는 매우 예외적으로 큰 수치라는 점이 올바르게 반영됩니다. 이에 따라 K=3, K=5일 때 'male(남성)'로 분류됩니다.

Sheet KNN 계산 (원본 데이터)
A1: KNN 알고리즘 구현 (원시 데이터 기준)
A2: 체중(weight)의 단위가 커서 거리에 미치는 영향이 절대적입니다.
A4: 분류 대상 데이터 (별첨 2)
A5: Person | B5: height (feet) | C5: weight (lbs)
A6: sample | B6: 6 | C6: 130
A8: 학습 데이터셋 및 거리 계산 (별첨 1)
A9: Person | B9: height (feet) | C9: weight (lbs) | D9: Diff Height^2 | E9: Diff Weight^2 | F9: Euclidean Distance | G9: Rank
A10: male | B10: 6 | C10: 180 | D10: =(B10-$B$6)^2 -> 0 | E10: =(C10-$C$6)^2 -> 2500 | F10: =SQRT(D10+E10) -> 50 | G10: =RANK(F10, $F$10:$F$17, 1) -> 7
A11: male | B11: 5.92 | C11: 190 | D11: =(B11-$B$6)^2 -> 0.0064 | E11: =(C11-$C$6)^2 -> 3600 | F11: =SQRT(D11+E11) -> 60.000053 | G11: =RANK(F11, $F$10:$F$17, 1) -> 8
A12: male | B12: 5.58 | C12: 170 | D12: =(B12-$B$6)^2 -> 0.1764 | E12: =(C12-$C$6)^2 -> 1600 | F12: =SQRT(D12+E12) -> 40.002205 | G12: =RANK(F12, $F$10:$F$17, 1) -> 6
A13: male | B13: 5.92 | C13: 165 | D13: =(B13-$B$6)^2 -> 0.0064 | E13: =(C13-$C$6)^2 -> 1225 | F13: =SQRT(D13+E13) -> 35.000091 | G13: =RANK(F13, $F$10:$F$17, 1) -> 5
A14: female | B14: 5 | C14: 100 | D14: =(B14-$B$6)^2 -> 1 | E14: =(C14-$C$6)^2 -> 900 | F14: =SQRT(D14+E14) -> 30.016662 | G14: =RANK(F14, $F$10:$F$17, 1) -> 4
A15: female | B15: 5.5 | C15: 150 | D15: =(B15-$B$6)^2 -> 0.25 | E15: =(C15-$C$6)^2 -> 400 | F15: =SQRT(D15+E15) -> 20.006249 | G15: =RANK(F15, $F$10:$F$17, 1) -> 3
A16: female | B16: 5.42 | C16: 130 | D16: =(B16-$B$6)^2 -> 0.3364 | E16: =(C16-$C$6)^2 -> 0 | F16: =SQRT(D16+E16) -> 0.58 | G16: =RANK(F16, $F$10:$F$17, 1) -> 1
A17: female | B17: 5.75 | C17: 150 | D17: =(B17-$B$6)^2 -> 0.0625 | E17: =(C17-$C$6)^2 -> 400 | F17: =SQRT(D17+E17) -> 20.001562 | G17: =RANK(F17, $F$10:$F$17, 1) -> 2

Sheet KNN 계산 (정규화 데이터)
A1: KNN 알고리즘 구현 (Z-점수 표준화 데이터 기준)
A2: 각 변수의 평균과 표준편차를 이용하여 스케일을 균등하게 맞춘 후 거리를 계산합니다.
A4: 전체 데이터 통계 (학습 데이터 기준)
A5: Metric | B5: height (feet) | C5: weight (lbs)
A6: 평균 (AVERAGE) | B6: =AVERAGE('KNN 계산 (원본 데이터)'!B10:B17) -> 5.63625 | C6: =AVERAGE('KNN 계산 (원본 데이터)'!C10:C17) -> 154.375
A7: 표준편차 (STDEV.S) | B7: =_xlfn.STDEV.S('KNN 계산 (원본 데이터)'!B10:B17) -> 0.33372091 | C7: =_xlfn.STDEV.S('KNN 계산 (원본 데이터)'!C10:C17) -> 28.962722
A9: 정규화 및 거리 계산
A10: Person | B10: Z-Height | C10: Z-Weight | D10: Diff Z-H^2 | E10: Diff Z-W^2 | F10: Euclidean Distance | G10: Rank | I10: 대상 Sample Z-점수
A11: male | B11: =('KNN 계산 (원본 데이터)'!B10-$B$6)/$B$7 -> 1.0899827 | C11: =('KNN 계산 (원본 데이터)'!C10-$C$6)/$C$7 -> 0.88475799 | D11: =(B11-$I$12)^2 -> 0 | E11: =(C11-$J$12)^2 -> 2.9803087 | F11: =SQRT(D11+E11) -> 1.7263571 | G11: =RANK(F11, $F$11:$F$18, 1) -> 4 | I11: Z-Height | J11: Z-Weight
A12: male | B12: =('KNN 계산 (원본 데이터)'!B11-$B$6)/$B$7 -> 0.85026139 | C12: =('KNN 계산 (원본 데이터)'!C11-$C$6)/$C$7 -> 1.2300294 | D12: =(B12-$I$12)^2 -> 0.057466288 | E12: =(C12-$J$12)^2 -> 4.2916445 | F12: =SQRT(D12+E12) -> 2.0854522 | G12: =RANK(F12, $F$11:$F$18, 1) -> 7 | I12: =('KNN 계산 (원본 데이터)'!B6-$B$6)/$B$7 -> 1.0899827 | J12: =('KNN 계산 (원본 데이터)'!C6-$C$6)/$C$7 -> -0.84159906
A13: male | B13: =('KNN 계산 (원본 데이터)'!B12-$B$6)/$B$7 -> -0.16855402 | C13: =('KNN 계산 (원본 데이터)'!C12-$C$6)/$C$7 -> 0.53948658 | D13: =(B13-$I$12)^2 -> 1.5839146 | E13: =(C13-$J$12)^2 -> 1.9073976 | F13: =SQRT(D13+E13) -> 1.8685053 | G13: =RANK(F13, $F$11:$F$18, 1) -> 6
A14: male | B14: =('KNN 계산 (원본 데이터)'!B13-$B$6)/$B$7 -> 0.85026139 | C14: =('KNN 계산 (원본 데이터)'!C13-$C$6)/$C$7 -> 0.36685087 | D14: =(B14-$I$12)^2 -> 0.057466288 | E14: =(C14-$J$12)^2 -> 1.4603513 | F14: =SQRT(D14+E14) -> 1.2319974 | G14: =RANK(F14, $F$11:$F$18, 1) -> 2
A15: female | B15: =('KNN 계산 (원본 데이터)'!B14-$B$6)/$B$7 -> -1.9065332 | C15: =('KNN 계산 (원본 데이터)'!C14-$C$6)/$C$7 -> -1.8774133 | D15: =(B15-$I$12)^2 -> 8.9791075 | E15: =(C15-$J$12)^2 -> 1.0729111 | F15: =SQRT(D15+E15) -> 3.1704919 | G15: =RANK(F15, $F$11:$F$18, 1) -> 8
A16: female | B16: =('KNN 계산 (원본 데이터)'!B15-$B$6)/$B$7 -> -0.40827529 | C16: =('KNN 계산 (원본 데이터)'!C15-$C$6)/$C$7 -> -0.15105624 | D16: =(B16-$I$12)^2 -> 2.2447769 | E16: =(C16-$J$12)^2 -> 0.47684939 | F16: =SQRT(D16+E16) -> 1.6497352 | G16: =RANK(F16, $F$11:$F$18, 1) -> 3
A17: female | B17: =('KNN 계산 (원본 데이터)'!B16-$B$6)/$B$7 -> -0.64799656 | C17: =('KNN 계산 (원본 데이터)'!C16-$C$6)/$C$7 -> -0.84159906 | D17: =(B17-$I$12)^2 -> 3.0205718 | E17: =(C17-$J$12)^2 -> 0 | F17: =SQRT(D17+E17) -> 1.7379792 | G17: =RANK(F17, $F$11:$F$18, 1) -> 5
A18: female | B18: =('KNN 계산 (원본 데이터)'!B17-$B$6)/$B$7 -> 0.34085368 | C18: =('KNN 계산 (원본 데이터)'!C17-$C$6)/$C$7 -> -0.15105624 | D18: =(B18-$I$12)^2 -> 0.56119422 | E18: =(C18-$J$12)^2 -> 0.47684939 | F18: =SQRT(D18+E18) -> 1.0188443 | G18: =RANK(F18, $F$11:$F$18, 1) -> 1
